{"client":"Thunder Client","collectionName":"API NODE","dateExported":"2022-11-22T23:32:18.872Z","version":"1.1","folders":[{"_id":"81d2a157-b365-420d-b37e-cb380b3915c9","name":"USERS","containerId":"","created":"2022-11-21T21:12:35.860Z","sortNum":10000}],"requests":[{"_id":"7fc2452b-9842-4c53-a4bc-75afefe445a5","colId":"84653655-dd2b-4431-941d-0d0cb4a53e72","containerId":"81d2a157-b365-420d-b37e-cb380b3915c9","name":"GET user","url":"http://localhost:3000/api/user","method":"GET","sortNum":10000,"created":"2022-11-21T21:11:39.499Z","modified":"2022-11-22T20:18:46.046Z","headers":[],"params":[],"tests":[]},{"_id":"b914ef9f-24f9-48c1-b992-6179d0c9cd9e","colId":"84653655-dd2b-4431-941d-0d0cb4a53e72","containerId":"81d2a157-b365-420d-b37e-cb380b3915c9","name":"CREATE USER","url":"http://localhost:3000/api/user","method":"POST","sortNum":20000,"created":"2022-11-21T21:11:49.920Z","modified":"2022-11-22T21:28:21.094Z","headers":[],"params":[],"body":{"type":"json","raw":"{\n  \"identificacion\" : 1027521845,\n  \"nombre\" : \"Roman\", \n  \"apellido\" : \"Torres\",\n  \"direccion\" : \"Tolima\",\n  \"telefono\" : 32167589,\n  \"usuario\"  : \"tamal.roman\",\n  \"password\" : \"Hola12345678\",\n  \"estado\" :false\n}","form":[]},"tests":[]},{"_id":"253db98d-271d-4dd3-97ff-3b06faef21b9","colId":"84653655-dd2b-4431-941d-0d0cb4a53e72","containerId":"81d2a157-b365-420d-b37e-cb380b3915c9","name":"PUT user","url":"http://localhost:3000/api/user/637d3ef41be2cd02042b9897","method":"PUT","sortNum":30000,"created":"2022-11-21T21:11:51.820Z","modified":"2022-11-22T21:29:52.984Z","headers":[],"params":[],"body":{"type":"json","raw":"{\n  \"identificacion\" : 1027521843,\n  \"nombre\" : \"Giuvanny\", \n  \"apellido\" : \"Hernandez\",\n  \"direccion\" : \"Barranquilla\",\n  \"telefono\" : 32167589,\n  \"usuario\"  : \"J.hernandez\",\n  \"password\" : \"Hola12345678\",\n  \"estado\" :false\n}","form":[]},"tests":[]},{"_id":"3faf3c82-1105-449a-b0e3-f1c4288f58b5","colId":"84653655-dd2b-4431-941d-0d0cb4a53e72","containerId":"81d2a157-b365-420d-b37e-cb380b3915c9","name":"DELETE user","url":"http://localhost:3000/api/user/637d2e02ada4a0a50e6a94cf","method":"DELETE","sortNum":40000,"created":"2022-11-21T21:11:53.934Z","modified":"2022-11-22T21:44:57.139Z","headers":[],"params":[],"tests":[]}]}